{
    "capital": {
        "initial": 1000.0,
        "final": 24433.128271766065,
        "total_profit": 23433.128271766065,
        "pl_percent": 2343.31
    },
    "trades": {
        "number_of_trades": 54,
        "win_rate": 50.0,
        "avg_trade_duration_hours": 424.44,
        "profit_factor": 2.7,
        "expectancy": 433.95
    },
    "fees": {
        "total_fees": 2761.62
    },
    "performance": {
        "max_drawdown": -3703.61,
        "sharpe_ratio": 5.53,
        "sortino_ratio": 35.05
    },
    "buy_and_hold": {
        "final_capital": 10148.591569722817,
        "profit": 9148.591569722817,
        "pl_percent": 914.86
    }
}