{
    "capital": {
        "initial": 1000.0,
        "final": 8827.44599945909,
        "total_profit": 7827.445999459091,
        "pl_percent": 782.74
    },
    "trades": {
        "number_of_trades": 40,
        "win_rate": 40.0,
        "avg_trade_duration_hours": 491.4,
        "profit_factor": 1.79,
        "expectancy": 195.69
    },
    "fees": {
        "total_fees": 1245.43
    },
    "performance": {
        "max_drawdown": -3672.32,
        "sharpe_ratio": 4.96,
        "sortino_ratio": 37.94
    },
    "buy_and_hold": {
        "final_capital": 7931.199772005216,
        "profit": 6931.199772005216,
        "pl_percent": 693.12
    }
}