{
    "capital": {
        "initial": 1000.0,
        "final": 4417.230553842236,
        "total_profit": 3417.230553842236,
        "pl_percent": 341.72
    },
    "trades": {
        "number_of_trades": 27,
        "win_rate": 37.04,
        "avg_trade_duration_hours": 440.89,
        "profit_factor": 1.9,
        "expectancy": 126.56
    },
    "fees": {
        "total_fees": 458.06
    },
    "performance": {
        "max_drawdown": -1371.11,
        "sharpe_ratio": 5.29,
        "sortino_ratio": 34.07
    },
    "buy_and_hold": {
        "final_capital": 7931.199772005216,
        "profit": 6931.199772005216,
        "pl_percent": 693.12
    }
}