{
    "capital": {
        "initial": 1000.0,
        "final": 28431.306195334302,
        "total_profit": 27431.306195334302,
        "pl_percent": 2743.13
    },
    "trades": {
        "number_of_trades": 42,
        "win_rate": 54.76,
        "avg_trade_duration_hours": 523.43,
        "profit_factor": 2.89,
        "expectancy": 653.13
    },
    "fees": {
        "total_fees": 2447.09
    },
    "performance": {
        "max_drawdown": -4659.08,
        "sharpe_ratio": 6.64,
        "sortino_ratio": 45.74
    },
    "buy_and_hold": {
        "final_capital": 10148.591569722817,
        "profit": 9148.591569722817,
        "pl_percent": 914.86
    }
}